area,year,laureates,model_lens,relation_class,model_score,curation_status,topic_tags,official_motivation_en,laureate_count,date_awarded,prize_amount_sek,prize_amount_adjusted_sek,official_source,api_source
Física,2025,John Clarke; Michel H. Devoret; John M. Martinis,Modelado y medición de estados cuánticos en circuitos,Directa,4,curated,predicción,for the discovery of macroscopic quantum mechanical tunnelling and energy quantisation in an electric circuit,3,2025-10-07,11000000,11000000,https://www.nobelprize.org/prizes/physics/2025/summary/,https://api.nobelprize.org/2/nobelPrize/phy/2025
Química,2025,Susumu Kitagawa; Richard Robson; Omar M. Yaghi,Arquitecturas porosas y relaciones estructura-propiedad,Metodológica,3,curated,cambio,for the development of metal–organic frameworks,3,2025-10-08,11000000,11000000,https://www.nobelprize.org/prizes/chemistry/2025/summary/,https://api.nobelprize.org/2/nobelPrize/che/2025
Medicina,2025,Mary E. Brunkow; Fred Ramsdell; Shimon Sakaguchi,"Regulación inmune, genética y mecanismos de tolerancia",Directa,4,curated,exploración,for their discoveries concerning peripheral immune tolerance,3,2025-10-06,11000000,11000000,https://www.nobelprize.org/prizes/medicine/2025/summary/,https://api.nobelprize.org/2/nobelPrize/med/2025
Ciencias Económicas,2025,Joel Mokyr; Philippe Aghion; Peter Howitt,"Modelos de crecimiento, innovación y destrucción creativa",Directa,5,curated,predicción; cambio,for having identified the prerequisites for sustained growth through technological progress | for the theory of sustained growth through creative destruction,3,2025-10-13,11000000,11000000,https://www.nobelprize.org/prizes/economic-sciences/2025/summary/,https://api.nobelprize.org/2/nobelPrize/eco/2025
Paz,2025,Maria Corina Machado,"Instituciones democráticas, observación electoral y evidencia pública",Metodológica,2,curated,exploración,for her tireless work promoting democratic rights for the people of Venezuela and for her struggle to achieve a just and peaceful transition from dictatorship to democracy,1,2025-10-10,11000000,11000000,https://www.nobelprize.org/prizes/peace/2025/summary/,https://api.nobelprize.org/2/nobelPrize/pea/2025
Literatura,2025,László Krasznahorkai,Narrativa de sistemas sociales bajo tensión y representación de incertidumbre,Analógica/documental,1,curated,exploración,"for his compelling and visionary oeuvre that, in the midst of apocalyptic terror, reaffirms the power of art",1,2025-10-09,11000000,11000000,https://www.nobelprize.org/prizes/literature/2025/summary/,https://api.nobelprize.org/2/nobelPrize/lit/2025
Física,2024,John J. Hopfield; Geoffrey Hinton,"Redes neuronales, memoria asociativa, machine learning",Directa,5,curated,complejidad; predicción,for foundational discoveries and inventions that enable machine learning with artificial neural networks,2,2024-10-08,11000000,11000000,https://www.nobelprize.org/prizes/physics/2024/summary/,https://api.nobelprize.org/2/nobelPrize/phy/2024
Química,2024,David Baker; Demis Hassabis; John Jumper,Diseño computacional y predicción de estructura de proteínas,Directa,5,curated,predicción,for computational protein design | for protein structure prediction,3,2024-10-09,11000000,11000000,https://www.nobelprize.org/prizes/chemistry/2024/summary/,https://api.nobelprize.org/2/nobelPrize/che/2024
Medicina,2024,Victor Ambros; Gary Ruvkun,microRNA y redes de regulación génica,Directa,4,curated,cambio,for the discovery of microRNA and its role in post-transcriptional gene regulation,2,2024-10-07,11000000,11000000,https://www.nobelprize.org/prizes/medicine/2024/summary/,https://api.nobelprize.org/2/nobelPrize/med/2024
Ciencias Económicas,2024,Daron Acemoglu; Simon Johnson; James A. Robinson,"Instituciones, identificación histórica y prosperidad",Directa,5,curated,exploración,for studies of how institutions are formed and affect prosperity,3,2024-10-14,11000000,11000000,https://www.nobelprize.org/prizes/economic-sciences/2024/summary/,https://api.nobelprize.org/2/nobelPrize/eco/2024
Paz,2024,Nihon Hidankyo,"Testimonio, memoria verificable y evidencia histórica",Metodológica,4,curated,memoria,for its efforts to achieve a world free of nuclear weapons and for demonstrating through witness testimony that nuclear weapons must never be used again,1,2024-10-11,11000000,11000000,https://www.nobelprize.org/prizes/peace/2024/summary/,https://api.nobelprize.org/2/nobelPrize/pea/2024
Literatura,2024,Han Kang,"Trauma histórico, memoria y experiencia humana como corpus",Analógica/documental,2,curated,memoria,for her intense poetic prose that confronts historical traumas and exposes the fragility of human life,1,2024-10-10,11000000,11000000,https://www.nobelprize.org/prizes/literature/2024/summary/,https://api.nobelprize.org/2/nobelPrize/lit/2024
Física,2023,Pierre Agostini; Ferenc Krausz; Anne L’Huillier,Medición temporal extrema y reconstrucción de dinámica electrónica,Metodológica,3,curated,causalidad; complejidad,for experimental methods that generate attosecond pulses of light for the study of electron dynamics in matter,3,2023-10-03,11000000,11314967,https://www.nobelprize.org/prizes/physics/2023/summary/,https://api.nobelprize.org/2/nobelPrize/phy/2023
Química,2023,Moungi Bawendi; Louis Brus; Aleksey Yekimov ,Relación tamaño-estructura-propiedad en quantum dots,Directa,3,curated,exploración,for the discovery and synthesis of quantum dots,3,2023-10-04,11000000,11314967,https://www.nobelprize.org/prizes/chemistry/2023/summary/,https://api.nobelprize.org/2/nobelPrize/che/2023
Medicina,2023,Katalin Karikó; Drew Weissman,"Mecanismo molecular, modificación de nucleósidos y evidencia experimental",Directa,4,curated,causalidad; cambio,for their discoveries concerning nucleoside base modifications that enabled the development of effective mRNA vaccines against COVID-19,2,2023-10-02,11000000,11314967,https://www.nobelprize.org/prizes/medicine/2023/summary/,https://api.nobelprize.org/2/nobelPrize/med/2023
Ciencias Económicas,2023,Claudia Goldin,Datos históricos longitudinales y mercado laboral femenino,Directa,5,curated,exploración,for having advanced our understanding of women’s labour market outcomes,1,2023-10-09,11000000,11314967,https://www.nobelprize.org/prizes/economic-sciences/2023/summary/,https://api.nobelprize.org/2/nobelPrize/eco/2023
Paz,2023,Narges Mohammadi,"Documentación de represión, derechos y evidencia pública",Metodológica,3,curated,exploración,for her fight against the oppression of women in Iran and her fight to promote human rights and freedom for all,1,2023-10-06,11000000,11314967,https://www.nobelprize.org/prizes/peace/2023/summary/,https://api.nobelprize.org/2/nobelPrize/pea/2023
Literatura,2023,Jon Fosse,Representación de lo implícito y límites de la codificación lingüística,Analógica/documental,1,curated,exploración,for his innovative plays and prose which give voice to the unsayable,1,2023-10-05,11000000,11314967,https://www.nobelprize.org/prizes/literature/2023/summary/,https://api.nobelprize.org/2/nobelPrize/lit/2023
Física,2022,Alain Aspect; John Clauser; Anton Zeilinger,"Inferencia experimental, Bell, información cuántica",Directa,4,curated,causalidad; predicción,"for experiments with entangled photons, establishing the violation of Bell inequalities and  pioneering quantum information science",3,2022-10-04,10000000,11162900,https://www.nobelprize.org/prizes/physics/2022/summary/,https://api.nobelprize.org/2/nobelPrize/phy/2022
Química,2022,Carolyn Bertozzi; Morten Meldal; K. Barry Sharpless,"Composición modular, reacción selectiva y bioortogonalidad",Metodológica,3,curated,cambio,for the development of click chemistry and bioorthogonal chemistry,3,2022-10-05,10000000,11162900,https://www.nobelprize.org/prizes/chemistry/2022/summary/,https://api.nobelprize.org/2/nobelPrize/che/2022
Medicina,2022,Svante Pääbo,"Genómica antigua, reconstrucción e inferencia poblacional",Directa,5,curated,cambio,for his discoveries concerning the genomes of extinct hominins and human evolution,1,2022-10-03,10000000,11162900,https://www.nobelprize.org/prizes/medicine/2022/summary/,https://api.nobelprize.org/2/nobelPrize/med/2022
Ciencias Económicas,2022,Ben Bernanke; Douglas Diamond; Philip Dybvig,"Modelos bancarios, corridas y crisis financieras",Directa,5,curated,predicción,for research on banks and financial crises,3,2011-10-10,10000000,11162900,https://www.nobelprize.org/prizes/economic-sciences/2022/summary/,https://api.nobelprize.org/2/nobelPrize/eco/2022
Paz,2022,Ales Bialiatski; Memorial; Center for Civil Liberties,"Documentación, provenance y evidencia de abusos",Metodológica,4,curated,exploración,"The Peace Prize laureates represent civil society in their home countries. They have for many years promoted the right to criticise power and protect the fundamental rights of citizens. They have made an outstanding effort to document war crimes, human right abuses and the abuse of power. Together they demonstrate the significance of civil society for peace and democracy.",3,2022-10-07,10000000,11162900,https://www.nobelprize.org/prizes/peace/2022/summary/,https://api.nobelprize.org/2/nobelPrize/pea/2022
Literatura,2022,Annie Ernaux,Memoria individual y restricciones colectivas como evidencia social,Analógica/documental,2,curated,memoria,"for the courage and clinical acuity with which she uncovers the roots, estrangements and  collective restraints of personal memory",1,2022-10-06,10000000,11162900,https://www.nobelprize.org/prizes/literature/2022/summary/,https://api.nobelprize.org/2/nobelPrize/lit/2022
Física,2021,Syukuro Manabe; Klaus Hasselmann; Giorgio Parisi,"Modelos climáticos, sistemas complejos, señal vs. ruido",Directa,5,curated,complejidad; predicción,"for the physical modelling of Earth’s climate, quantifying variability and reliably predicting global warming | for the discovery of the interplay of disorder and fluctuations in physical systems from atomic to planetary scales",3,2021-10-05,10000000,12096939,https://www.nobelprize.org/prizes/physics/2021/summary/,https://api.nobelprize.org/2/nobelPrize/phy/2021
Química,2021,Benjamin List; David W.C. MacMillan,Diseño experimental y reglas de transformación molecular,Metodológica,2,curated,causalidad; cambio,for the development of asymmetric organocatalysis,2,2021-10-06,10000000,12096939,https://www.nobelprize.org/prizes/chemistry/2021/summary/,https://api.nobelprize.org/2/nobelPrize/che/2021
Medicina,2021,David Julius; Ardem Patapoutian,De estímulos observables a mecanismos/receptores,Directa,3,curated,exploración,for their discoveries of receptors for temperature and touch,2,2021-10-04,10000000,12096939,https://www.nobelprize.org/prizes/medicine/2021/summary/,https://api.nobelprize.org/2/nobelPrize/med/2021
Ciencias Económicas,2021,David Card; Joshua D. Angrist; Guido W. Imbens,Experimentos naturales e inferencia causal,Directa,5,curated,causalidad,for his empirical contributions to labour economics | for their methodological contributions to the analysis of causal relationships,3,2021-10-11,10000000,12096939,https://www.nobelprize.org/prizes/economic-sciences/2021/summary/,https://api.nobelprize.org/2/nobelPrize/eco/2021
Paz,2021,Maria Ressa; Dmitry Muratov,"Información verificable, libertad de expresión y ecosistemas informativos",Metodológica,3,curated,exploración,"for their efforts to safeguard freedom of expression, which is a precondition for democracy and lasting peace",2,2021-10-08,10000000,12096939,https://www.nobelprize.org/prizes/peace/2021/summary/,https://api.nobelprize.org/2/nobelPrize/pea/2021
Literatura,2021,Abdulrazak Gurnah,"Colonialismo, migración y experiencia como corpus narrativo",Analógica/documental,2,curated,causalidad,for his uncompromising and compassionate penetration of the effects of colonialism and the fate of the refugee in the gulf between cultures and continents,1,2021-10-07,10000000,12096939,https://www.nobelprize.org/prizes/literature/2021/summary/,https://api.nobelprize.org/2/nobelPrize/lit/2021
Física,2020,Roger Penrose; Reinhard Genzel; Andrea Ghez,for the discovery that black hole formation is a robust prediction of the general theory of relativity | for the discovery of a supermassive compact object at the centre of our galaxy,Fuente oficial,0,source_only,predicción,for the discovery that black hole formation is a robust prediction of the general theory of relativity | for the discovery of a supermassive compact object at the centre of our galaxy,3,2020-10-06,10000000,12361835,https://www.nobelprize.org/prizes/physics/2020/summary/,https://api.nobelprize.org/2/nobelPrize/phy/2020
Química,2020,Emmanuelle Charpentier; Jennifer A. Doudna,for the development of a method for genome editing,Fuente oficial,0,source_only,cambio,for the development of a method for genome editing,2,2020-10-07,10000000,12361835,https://www.nobelprize.org/prizes/chemistry/2020/summary/,https://api.nobelprize.org/2/nobelPrize/che/2020
Medicina,2020,Harvey J. Alter; Michael Houghton; Charles M. Rice,for the discovery of Hepatitis C virus,Fuente oficial,0,source_only,exploración,for the discovery of Hepatitis C virus,3,2020-10-05,10000000,12361835,https://www.nobelprize.org/prizes/medicine/2020/summary/,https://api.nobelprize.org/2/nobelPrize/med/2020
Ciencias Económicas,2020,Paul R. Milgrom; Robert B. Wilson,for improvements to auction theory and inventions of new auction formats,Fuente oficial,0,source_only,exploración,for improvements to auction theory and inventions of new auction formats,2,2020-10-12,10000000,12361835,https://www.nobelprize.org/prizes/economic-sciences/2020/summary/,https://api.nobelprize.org/2/nobelPrize/eco/2020
Paz,2020,World Food Programme,"for its efforts to combat hunger, for its contribution to bettering conditions for peace in conflict-affected areas and for acting as a driving force in efforts to prevent the use of hunger as a weapon of war and conflict",Fuente oficial,0,source_only,exploración,"for its efforts to combat hunger, for its contribution to bettering conditions for peace in conflict-affected areas and for acting as a driving force in efforts to prevent the use of hunger as a weapon of war and conflict",1,2020-10-09,10000000,12361835,https://www.nobelprize.org/prizes/peace/2020/summary/,https://api.nobelprize.org/2/nobelPrize/pea/2020
Literatura,2020,Louise Glück,for her unmistakable poetic voice that with austere beauty makes individual existence universal,Fuente oficial,0,source_only,exploración,for her unmistakable poetic voice that with austere beauty makes individual existence universal,1,2020-10-08,10000000,12361835,https://www.nobelprize.org/prizes/literature/2020/summary/,https://api.nobelprize.org/2/nobelPrize/lit/2020
Física,2019,James Peebles; Michel Mayor; Didier Queloz,for theoretical discoveries in physical cosmology | for the discovery of an exoplanet orbiting a solar-type star,Fuente oficial,0,source_only,exploración,for theoretical discoveries in physical cosmology | for the discovery of an exoplanet orbiting a solar-type star,3,2019-10-08,9000000,11178104,https://www.nobelprize.org/prizes/physics/2019/summary/,https://api.nobelprize.org/2/nobelPrize/phy/2019
Química,2019,John B. Goodenough; M. Stanley Whittingham; Akira Yoshino,for the development of lithium-ion batteries,Fuente oficial,0,source_only,cambio,for the development of lithium-ion batteries,3,2019-10-09,9000000,11178104,https://www.nobelprize.org/prizes/chemistry/2019/summary/,https://api.nobelprize.org/2/nobelPrize/che/2019
Medicina,2019,William G. Kaelin Jr; Sir Peter J. Ratcliffe; Gregg L. Semenza,for their discoveries of how cells sense and adapt to oxygen availability,Fuente oficial,0,source_only,exploración,for their discoveries of how cells sense and adapt to oxygen availability,3,2019-10-07,9000000,11178104,https://www.nobelprize.org/prizes/medicine/2019/summary/,https://api.nobelprize.org/2/nobelPrize/med/2019
Ciencias Económicas,2019,Abhijit Banerjee; Esther Duflo; Michael Kremer,for their experimental approach to alleviating global poverty,Fuente oficial,0,source_only,causalidad,for their experimental approach to alleviating global poverty,3,2019-10-14,9000000,11178104,https://www.nobelprize.org/prizes/economic-sciences/2019/summary/,https://api.nobelprize.org/2/nobelPrize/eco/2019
Paz,2019,Abiy Ahmed Ali,"for his efforts to achieve peace and international cooperation, and in particular for his decisive initiative to resolve the border conflict with neighbouring Eritrea",Fuente oficial,0,source_only,exploración,"for his efforts to achieve peace and international cooperation, and in particular for his decisive initiative to resolve the border conflict with neighbouring Eritrea",1,2019-10-11,9000000,11178104,https://www.nobelprize.org/prizes/peace/2019/summary/,https://api.nobelprize.org/2/nobelPrize/pea/2019
Literatura,2019,Peter Handke,for an influential work that with linguistic ingenuity has explored the periphery and the specificity of human experience,Fuente oficial,0,source_only,exploración,for an influential work that with linguistic ingenuity has explored the periphery and the specificity of human experience,1,2019-10-10,9000000,11178104,https://www.nobelprize.org/prizes/literature/2019/summary/,https://api.nobelprize.org/2/nobelPrize/lit/2019
Física,2018,Arthur Ashkin; Gérard Mourou; Donna Strickland,"for the optical tweezers and their application to biological systems | for their method of generating high-intensity, ultra-short optical pulses",Fuente oficial,0,source_only,complejidad,"for the optical tweezers and their application to biological systems | for their method of generating high-intensity, ultra-short optical pulses",3,2018-10-02,9000000,11380800,https://www.nobelprize.org/prizes/physics/2018/summary/,https://api.nobelprize.org/2/nobelPrize/phy/2018
Química,2018,Frances H. Arnold; George P. Smith; Sir Gregory P. Winter,for the directed evolution of enzymes | for the phage display of peptides and antibodies,Fuente oficial,0,source_only,cambio,for the directed evolution of enzymes | for the phage display of peptides and antibodies,3,2018-10-03,9000000,11380800,https://www.nobelprize.org/prizes/chemistry/2018/summary/,https://api.nobelprize.org/2/nobelPrize/che/2018
Medicina,2018,James P. Allison; Tasuku Honjo,for their discovery of cancer therapy by inhibition of negative immune regulation,Fuente oficial,0,source_only,cambio,for their discovery of cancer therapy by inhibition of negative immune regulation,2,2018-10-01,9000000,11380800,https://www.nobelprize.org/prizes/medicine/2018/summary/,https://api.nobelprize.org/2/nobelPrize/med/2018
Ciencias Económicas,2018,William D. Nordhaus; Paul M. Romer,for integrating climate change into long-run macroeconomic analysis | for integrating technological innovations into long-run macroeconomic analysis,Fuente oficial,0,source_only,complejidad; cambio,for integrating climate change into long-run macroeconomic analysis | for integrating technological innovations into long-run macroeconomic analysis,2,2018-10-01,9000000,11380800,https://www.nobelprize.org/prizes/economic-sciences/2018/summary/,https://api.nobelprize.org/2/nobelPrize/eco/2018
Paz,2018,Denis Mukwege; Nadia Murad,for their efforts to end the use of sexual violence as a weapon of war and armed conflict,Fuente oficial,0,source_only,exploración,for their efforts to end the use of sexual violence as a weapon of war and armed conflict,2,2018-10-05,9000000,11380800,https://www.nobelprize.org/prizes/peace/2018/summary/,https://api.nobelprize.org/2/nobelPrize/pea/2018
Literatura,2018,Olga Tokarczuk,for a narrative imagination that with encyclopedic passion represents the crossing of boundaries as a form of life,Fuente oficial,0,source_only,exploración,for a narrative imagination that with encyclopedic passion represents the crossing of boundaries as a form of life,1,2019-10-10,9000000,11178104,https://www.nobelprize.org/prizes/literature/2018/summary/,https://api.nobelprize.org/2/nobelPrize/lit/2018
Física,2017,Rainer Weiss; Barry C. Barish; Kip S. Thorne,for decisive contributions to the LIGO detector and the observation of gravitational waves,Fuente oficial,0,source_only,exploración,for decisive contributions to the LIGO detector and the observation of gravitational waves,3,2017-10-03,9000000,11603589,https://www.nobelprize.org/prizes/physics/2017/summary/,https://api.nobelprize.org/2/nobelPrize/phy/2017
Química,2017,Jacques Dubochet; Joachim Frank; Richard Henderson,for developing cryo-electron microscopy for the high-resolution structure determination of biomolecules in solution,Fuente oficial,0,source_only,predicción; cambio,for developing cryo-electron microscopy for the high-resolution structure determination of biomolecules in solution,3,2017-10-04,9000000,11603589,https://www.nobelprize.org/prizes/chemistry/2017/summary/,https://api.nobelprize.org/2/nobelPrize/che/2017
Medicina,2017,Jeffrey C. Hall; Michael Rosbash; Michael W. Young,for their discoveries of molecular mechanisms controlling the circadian rhythm,Fuente oficial,0,source_only,exploración,for their discoveries of molecular mechanisms controlling the circadian rhythm,3,2017-10-02,9000000,11603589,https://www.nobelprize.org/prizes/medicine/2017/summary/,https://api.nobelprize.org/2/nobelPrize/med/2017
Ciencias Económicas,2017,Richard H. Thaler,for his contributions to behavioural economics,Fuente oficial,0,source_only,exploración,for his contributions to behavioural economics,1,2017-10-09,9000000,11603589,https://www.nobelprize.org/prizes/economic-sciences/2017/summary/,https://api.nobelprize.org/2/nobelPrize/eco/2017
Paz,2017,International Campaign to Abolish Nuclear Weapons,for its work to draw attention to the catastrophic humanitarian consequences of any use of nuclear weapons and for its ground-breaking efforts to achieve a treaty-based prohibition of such weapons,Fuente oficial,0,source_only,exploración,for its work to draw attention to the catastrophic humanitarian consequences of any use of nuclear weapons and for its ground-breaking efforts to achieve a treaty-based prohibition of such weapons,1,2017-10-06,9000000,11603589,https://www.nobelprize.org/prizes/peace/2017/summary/,https://api.nobelprize.org/2/nobelPrize/pea/2017
Literatura,2017,Kazuo Ishiguro,"who, in novels of great emotional force, has uncovered the abyss beneath our illusory sense of connection with the world",Fuente oficial,0,source_only,exploración,"who, in novels of great emotional force, has uncovered the abyss beneath our illusory sense of connection with the world",1,2017-10-05,9000000,11603589,https://www.nobelprize.org/prizes/literature/2017/summary/,https://api.nobelprize.org/2/nobelPrize/lit/2017
Física,2016,David J. Thouless; F. Duncan M. Haldane; J. Michael Kosterlitz,for theoretical discoveries of topological phase transitions and topological phases of matter,Fuente oficial,0,source_only,exploración,for theoretical discoveries of topological phase transitions and topological phases of matter,3,2016-10-04,8000000,10496956,https://www.nobelprize.org/prizes/physics/2016/summary/,https://api.nobelprize.org/2/nobelPrize/phy/2016
Química,2016,Jean-Pierre Sauvage; Sir J. Fraser Stoddart; Bernard L. Feringa,for the design and synthesis of molecular machines,Fuente oficial,0,source_only,exploración,for the design and synthesis of molecular machines,3,2016-10-05,8000000,10496956,https://www.nobelprize.org/prizes/chemistry/2016/summary/,https://api.nobelprize.org/2/nobelPrize/che/2016
Medicina,2016,Yoshinori Ohsumi,for his discoveries of mechanisms for autophagy,Fuente oficial,0,source_only,exploración,for his discoveries of mechanisms for autophagy,1,2016-10-03,8000000,10496956,https://www.nobelprize.org/prizes/medicine/2016/summary/,https://api.nobelprize.org/2/nobelPrize/med/2016
Ciencias Económicas,2016,Oliver Hart; Bengt Holmström,for their contributions to contract theory,Fuente oficial,0,source_only,exploración,for their contributions to contract theory,2,2016-10-10,8000000,10496956,https://www.nobelprize.org/prizes/economic-sciences/2016/summary/,https://api.nobelprize.org/2/nobelPrize/eco/2016
Paz,2016,Juan Manuel Santos,for his resolute efforts to bring the country's more than 50-year-long civil war to an end,Fuente oficial,0,source_only,exploración,for his resolute efforts to bring the country's more than 50-year-long civil war to an end,1,2016-10-07,8000000,10496956,https://www.nobelprize.org/prizes/peace/2016/summary/,https://api.nobelprize.org/2/nobelPrize/pea/2016
Literatura,2016,Bob Dylan,for having created new poetic expressions within the great American song tradition,Fuente oficial,0,source_only,exploración,for having created new poetic expressions within the great American song tradition,1,2016-10-13,8000000,10496956,https://www.nobelprize.org/prizes/literature/2016/summary/,https://api.nobelprize.org/2/nobelPrize/lit/2016
Física,2015,Takaaki Kajita; Arthur B. McDonald,"for the discovery of neutrino oscillations, which shows that neutrinos have mass",Fuente oficial,0,source_only,exploración,"for the discovery of neutrino oscillations, which shows that neutrinos have mass",2,2015-10-06,8000000,10602571,https://www.nobelprize.org/prizes/physics/2015/summary/,https://api.nobelprize.org/2/nobelPrize/phy/2015
Química,2015,Tomas Lindahl; Paul Modrich; Aziz Sancar,for mechanistic studies of DNA repair,Fuente oficial,0,source_only,exploración,for mechanistic studies of DNA repair,3,2015-10-07,8000000,10602571,https://www.nobelprize.org/prizes/chemistry/2015/summary/,https://api.nobelprize.org/2/nobelPrize/che/2015
Medicina,2015,William C. Campbell; Satoshi Ōmura; Tu Youyou,for their discoveries concerning a novel therapy against infections caused by roundworm parasites | for her discoveries concerning a novel therapy against Malaria,Fuente oficial,0,source_only,causalidad,for their discoveries concerning a novel therapy against infections caused by roundworm parasites | for her discoveries concerning a novel therapy against Malaria,3,2015-10-05,8000000,10602571,https://www.nobelprize.org/prizes/medicine/2015/summary/,https://api.nobelprize.org/2/nobelPrize/med/2015
Ciencias Económicas,2015,Angus Deaton,"for his analysis of consumption, poverty, and welfare",Fuente oficial,0,source_only,exploración,"for his analysis of consumption, poverty, and welfare",1,2015-10-12,8000000,10602571,https://www.nobelprize.org/prizes/economic-sciences/2015/summary/,https://api.nobelprize.org/2/nobelPrize/eco/2015
Paz,2015,National Dialogue Quartet,for its decisive contribution to the building of a pluralistic democracy in Tunisia in the wake of the Jasmine Revolution of 2011,Fuente oficial,0,source_only,cambio,for its decisive contribution to the building of a pluralistic democracy in Tunisia in the wake of the Jasmine Revolution of 2011,1,2015-10-09,8000000,10602571,https://www.nobelprize.org/prizes/peace/2015/summary/,https://api.nobelprize.org/2/nobelPrize/pea/2015
Literatura,2015,Svetlana Alexievich,"for her polyphonic writings, a monument to suffering and courage in our time",Fuente oficial,0,source_only,exploración,"for her polyphonic writings, a monument to suffering and courage in our time",1,2015-10-08,8000000,10602571,https://www.nobelprize.org/prizes/literature/2015/summary/,https://api.nobelprize.org/2/nobelPrize/lit/2015
Física,2014,Isamu Akasaki; Hiroshi Amano; Shuji Nakamura,for the invention of efficient blue light-emitting diodes which has enabled bright and energy-saving white light sources,Fuente oficial,0,source_only,exploración,for the invention of efficient blue light-emitting diodes which has enabled bright and energy-saving white light sources,3,2014-10-07,8000000,10596648,https://www.nobelprize.org/prizes/physics/2014/summary/,https://api.nobelprize.org/2/nobelPrize/phy/2014
Química,2014,Eric Betzig; Stefan W. Hell; William E. Moerner,for the development of super-resolved fluorescence microscopy,Fuente oficial,0,source_only,cambio,for the development of super-resolved fluorescence microscopy,3,2014-10-08,8000000,10596648,https://www.nobelprize.org/prizes/chemistry/2014/summary/,https://api.nobelprize.org/2/nobelPrize/che/2014
Medicina,2014,John O'Keefe; May-Britt Moser; Edvard I. Moser,for their discoveries of cells that constitute a positioning system in the brain,Fuente oficial,0,source_only,complejidad,for their discoveries of cells that constitute a positioning system in the brain,3,2014-10-06,8000000,10596648,https://www.nobelprize.org/prizes/medicine/2014/summary/,https://api.nobelprize.org/2/nobelPrize/med/2014
Ciencias Económicas,2014,Jean Tirole,for his analysis of market power and regulation,Fuente oficial,0,source_only,cambio,for his analysis of market power and regulation,1,2014-10-13,8000000,10596648,https://www.nobelprize.org/prizes/economic-sciences/2014/summary/,https://api.nobelprize.org/2/nobelPrize/eco/2014
Paz,2014,Kailash Satyarthi; Malala Yousafzai,for their struggle against the suppression of children and young people and for the right of all children to education,Fuente oficial,0,source_only,exploración,for their struggle against the suppression of children and young people and for the right of all children to education,2,2014-10-10,8000000,10596648,https://www.nobelprize.org/prizes/peace/2014/summary/,https://api.nobelprize.org/2/nobelPrize/pea/2014
Literatura,2014,Patrick Modiano,"for the art of memory with which he has evoked the most ungraspable human destinies and
uncovered the life-world of the occupation",Fuente oficial,0,source_only,memoria,"for the art of memory with which he has evoked the most ungraspable human destinies and
uncovered the life-world of the occupation",1,2014-10-09,8000000,10596648,https://www.nobelprize.org/prizes/literature/2014/summary/,https://api.nobelprize.org/2/nobelPrize/lit/2014
Física,2013,François Englert; Peter Higgs,"for the theoretical discovery of a mechanism that contributes to our understanding of the origin of mass of subatomic particles, and which recently was confirmed through the discovery of the predicted fundamental particle, by the ATLAS and CMS experiments at CERN's Large Hadron Collider",Fuente oficial,0,source_only,causalidad; predicción,"for the theoretical discovery of a mechanism that contributes to our understanding of the origin of mass of subatomic particles, and which recently was confirmed through the discovery of the predicted fundamental particle, by the ATLAS and CMS experiments at CERN's Large Hadron Collider",2,2013-10-08,8000000,10578918,https://www.nobelprize.org/prizes/physics/2013/summary/,https://api.nobelprize.org/2/nobelPrize/phy/2013
Química,2013,Martin Karplus; Michael Levitt; Arieh Warshel,for the development of multiscale models for complex chemical systems,Fuente oficial,0,source_only,complejidad; predicción; cambio,for the development of multiscale models for complex chemical systems,3,2013-10-09,8000000,10578918,https://www.nobelprize.org/prizes/chemistry/2013/summary/,https://api.nobelprize.org/2/nobelPrize/che/2013
Medicina,2013,James E. Rothman; Randy W. Schekman; Thomas C. Südhof,"for their discoveries of machinery regulating vesicle traffic, a major transport system in our cells",Fuente oficial,0,source_only,complejidad,"for their discoveries of machinery regulating vesicle traffic, a major transport system in our cells",3,2013-10-07,8000000,10578918,https://www.nobelprize.org/prizes/medicine/2013/summary/,https://api.nobelprize.org/2/nobelPrize/med/2013
Ciencias Económicas,2013,Eugene F. Fama; Lars Peter Hansen; Robert J. Shiller,for their empirical analysis of asset prices,Fuente oficial,0,source_only,exploración,for their empirical analysis of asset prices,3,2013-10-14,8000000,10578918,https://www.nobelprize.org/prizes/economic-sciences/2013/summary/,https://api.nobelprize.org/2/nobelPrize/eco/2013
Paz,2013,Organisation for the Prohibition of Chemical Weapons,for its extensive efforts to eliminate chemical weapons,Fuente oficial,0,source_only,exploración,for its extensive efforts to eliminate chemical weapons,1,2013-10-11,8000000,10578918,https://www.nobelprize.org/prizes/peace/2013/summary/,https://api.nobelprize.org/2/nobelPrize/pea/2013
Literatura,2013,Alice Munro,master of the contemporary short story,Fuente oficial,0,source_only,exploración,master of the contemporary short story,1,2013-10-10,8000000,10578918,https://www.nobelprize.org/prizes/literature/2013/summary/,https://api.nobelprize.org/2/nobelPrize/lit/2013
Física,2012,Serge Haroche; David J. Wineland,for ground-breaking experimental methods that enable measuring and manipulation of individual quantum systems,Fuente oficial,0,source_only,causalidad; complejidad,for ground-breaking experimental methods that enable measuring and manipulation of individual quantum systems,2,2012-10-09,8000000,10573021,https://www.nobelprize.org/prizes/physics/2012/summary/,https://api.nobelprize.org/2/nobelPrize/phy/2012
Química,2012,Robert J. Lefkowitz; Brian Kobilka,for studies of G-protein-coupled receptors,Fuente oficial,0,source_only,exploración,for studies of G-protein-coupled receptors,2,2012-10-10,8000000,10573021,https://www.nobelprize.org/prizes/chemistry/2012/summary/,https://api.nobelprize.org/2/nobelPrize/che/2012
Medicina,2012,Sir John B. Gurdon; Shinya Yamanaka,for the discovery that mature cells can be reprogrammed to become pluripotent,Fuente oficial,0,source_only,exploración,for the discovery that mature cells can be reprogrammed to become pluripotent,2,2012-10-08,8000000,10573021,https://www.nobelprize.org/prizes/medicine/2012/summary/,https://api.nobelprize.org/2/nobelPrize/med/2012
Ciencias Económicas,2012,Alvin E. Roth; Lloyd S. Shapley,for the theory of stable allocations and the practice of market design,Fuente oficial,0,source_only,exploración,for the theory of stable allocations and the practice of market design,2,2012-10-15,8000000,10573021,https://www.nobelprize.org/prizes/economic-sciences/2012/summary/,https://api.nobelprize.org/2/nobelPrize/eco/2012
Paz,2012,European Union,"for over six decades contributed to the advancement of peace and reconciliation, democracy and human rights in Europe",Fuente oficial,0,source_only,exploración,"for over six decades contributed to the advancement of peace and reconciliation, democracy and human rights in Europe",1,2012-10-12,8000000,10573021,https://www.nobelprize.org/prizes/peace/2012/summary/,https://api.nobelprize.org/2/nobelPrize/pea/2012
Literatura,2012,Mo Yan,"who with hallucinatory realism merges folk tales, history and the contemporary",Fuente oficial,0,source_only,memoria,"who with hallucinatory realism merges folk tales, history and the contemporary",1,2012-10-11,8000000,10573021,https://www.nobelprize.org/prizes/literature/2012/summary/,https://api.nobelprize.org/2/nobelPrize/lit/2012
Física,2011,Saul Perlmutter; Brian P. Schmidt; Adam G. Riess,for the discovery of the accelerating expansion of the Universe through observations of distant supernovae,Fuente oficial,0,source_only,exploración,for the discovery of the accelerating expansion of the Universe through observations of distant supernovae,3,2011-10-04,10000000,13335208,https://www.nobelprize.org/prizes/physics/2011/summary/,https://api.nobelprize.org/2/nobelPrize/phy/2011
Química,2011,Dan Shechtman,for the discovery of quasicrystals,Fuente oficial,0,source_only,exploración,for the discovery of quasicrystals,1,2011-10-05,10000000,13335208,https://www.nobelprize.org/prizes/chemistry/2011/summary/,https://api.nobelprize.org/2/nobelPrize/che/2011
Medicina,2011,Bruce A. Beutler; Jules A. Hoffmann; Ralph M. Steinman,for their discoveries concerning the activation of innate immunity | for his discovery of the dendritic cell and its role in adaptive immunity,Fuente oficial,0,source_only,exploración,for their discoveries concerning the activation of innate immunity | for his discovery of the dendritic cell and its role in adaptive immunity,3,2011-10-03,10000000,13335208,https://www.nobelprize.org/prizes/medicine/2011/summary/,https://api.nobelprize.org/2/nobelPrize/med/2011
Ciencias Económicas,2011,Thomas J. Sargent; Christopher A. Sims,for their empirical research on cause and effect in the macroeconomy,Fuente oficial,0,source_only,causalidad,for their empirical research on cause and effect in the macroeconomy,2,2011-10-10,10000000,13335208,https://www.nobelprize.org/prizes/economic-sciences/2011/summary/,https://api.nobelprize.org/2/nobelPrize/eco/2011
Paz,2011,Ellen Johnson Sirleaf; Leymah Gbowee; Tawakkol Karman,for their non-violent struggle for the safety of women and for women's rights to full participation in peace-building work,Fuente oficial,0,source_only,exploración,for their non-violent struggle for the safety of women and for women's rights to full participation in peace-building work,3,2011-10-07,10000000,13335208,https://www.nobelprize.org/prizes/peace/2011/summary/,https://api.nobelprize.org/2/nobelPrize/pea/2011
Literatura,2011,Tomas Tranströmer,"because, through his condensed, translucent images, he gives us fresh access to reality",Fuente oficial,0,source_only,causalidad,"because, through his condensed, translucent images, he gives us fresh access to reality",1,2011-10-06,10000000,13335208,https://www.nobelprize.org/prizes/literature/2011/summary/,https://api.nobelprize.org/2/nobelPrize/lit/2011
Física,2010,Andre Geim; Konstantin Novoselov,for groundbreaking experiments regarding the two-dimensional material graphene,Fuente oficial,0,source_only,causalidad,for groundbreaking experiments regarding the two-dimensional material graphene,2,2010-10-05,10000000,13681477,https://www.nobelprize.org/prizes/physics/2010/summary/,https://api.nobelprize.org/2/nobelPrize/phy/2010
Química,2010,Richard F. Heck; Ei-ichi Negishi; Akira Suzuki,for palladium-catalyzed cross couplings in organic synthesis,Fuente oficial,0,source_only,exploración,for palladium-catalyzed cross couplings in organic synthesis,3,2010-10-06,10000000,13681477,https://www.nobelprize.org/prizes/chemistry/2010/summary/,https://api.nobelprize.org/2/nobelPrize/che/2010
Medicina,2010,Robert G. Edwards,for the development of in vitro fertilization,Fuente oficial,0,source_only,cambio,for the development of in vitro fertilization,1,2010-10-04,10000000,13681477,https://www.nobelprize.org/prizes/medicine/2010/summary/,https://api.nobelprize.org/2/nobelPrize/med/2010
Ciencias Económicas,2010,Peter A. Diamond; Dale T. Mortensen; Christopher A. Pissarides,for their analysis of markets with search frictions,Fuente oficial,0,source_only,exploración,for their analysis of markets with search frictions,3,2010-10-11,10000000,13681477,https://www.nobelprize.org/prizes/economic-sciences/2010/summary/,https://api.nobelprize.org/2/nobelPrize/eco/2010
Paz,2010,Liu Xiaobo,for his long and non-violent struggle for fundamental human rights in China,Fuente oficial,0,source_only,exploración,for his long and non-violent struggle for fundamental human rights in China,1,2010-10-08,10000000,13681477,https://www.nobelprize.org/prizes/peace/2010/summary/,https://api.nobelprize.org/2/nobelPrize/pea/2010
Literatura,2010,Mario Vargas Llosa,"for his cartography of structures of power and his trenchant images of the individual's resistance, revolt, and defeat",Fuente oficial,0,source_only,predicción,"for his cartography of structures of power and his trenchant images of the individual's resistance, revolt, and defeat",1,2010-10-07,10000000,13681477,https://www.nobelprize.org/prizes/literature/2010/summary/,https://api.nobelprize.org/2/nobelPrize/lit/2010
Física,2009,Charles K. Kao; Willard S. Boyle; George E. Smith,for groundbreaking achievements concerning the transmission of light in fibers for optical communication | for the invention of an imaging semiconductor circuit - the CCD sensor,Fuente oficial,0,source_only,exploración,for groundbreaking achievements concerning the transmission of light in fibers for optical communication | for the invention of an imaging semiconductor circuit - the CCD sensor,3,2009-10-06,10000000,13857393,https://www.nobelprize.org/prizes/physics/2009/summary/,https://api.nobelprize.org/2/nobelPrize/phy/2009
Química,2009,Venkatraman Ramakrishnan; Thomas A. Steitz; Ada E. Yonath,for studies of the structure and function of the ribosome,Fuente oficial,0,source_only,predicción,for studies of the structure and function of the ribosome,3,2009-10-07,10000000,13857393,https://www.nobelprize.org/prizes/chemistry/2009/summary/,https://api.nobelprize.org/2/nobelPrize/che/2009
Medicina,2009,Elizabeth H. Blackburn; Carol W. Greider; Jack W. Szostak,for the discovery of how chromosomes are protected by telomeres and the enzyme telomerase,Fuente oficial,0,source_only,exploración,for the discovery of how chromosomes are protected by telomeres and the enzyme telomerase,3,2009-10-05,10000000,13857393,https://www.nobelprize.org/prizes/medicine/2009/summary/,https://api.nobelprize.org/2/nobelPrize/med/2009
Ciencias Económicas,2009,Elinor Ostrom; Oliver E. Williamson,"for her analysis of economic governance, especially the commons | for his analysis of economic governance, especially the boundaries of the firm",Fuente oficial,0,source_only,exploración,"for her analysis of economic governance, especially the commons | for his analysis of economic governance, especially the boundaries of the firm",2,2009-10-12,10000000,13857393,https://www.nobelprize.org/prizes/economic-sciences/2009/summary/,https://api.nobelprize.org/2/nobelPrize/eco/2009
Paz,2009,Barack H. Obama,for his extraordinary efforts to strengthen international diplomacy and cooperation between peoples,Fuente oficial,0,source_only,exploración,for his extraordinary efforts to strengthen international diplomacy and cooperation between peoples,1,2009-10-09,10000000,13857393,https://www.nobelprize.org/prizes/peace/2009/summary/,https://api.nobelprize.org/2/nobelPrize/pea/2009
Literatura,2009,Herta Müller,"who, with the concentration of poetry and the frankness of prose, depicts the landscape of the dispossessed",Fuente oficial,0,source_only,exploración,"who, with the concentration of poetry and the frankness of prose, depicts the landscape of the dispossessed",1,2009-10-08,10000000,13857393,https://www.nobelprize.org/prizes/literature/2009/summary/,https://api.nobelprize.org/2/nobelPrize/lit/2009
Física,2008,Yoichiro Nambu; Makoto Kobayashi; Toshihide Maskawa,for the discovery of the mechanism of spontaneous broken symmetry in subatomic physics | for the discovery of the origin of the broken symmetry which predicts the existence of at least three families of quarks in nature,Fuente oficial,0,source_only,predicción,for the discovery of the mechanism of spontaneous broken symmetry in subatomic physics | for the discovery of the origin of the broken symmetry which predicts the existence of at least three families of quarks in nature,3,2008-10-07,10000000,13817016,https://www.nobelprize.org/prizes/physics/2008/summary/,https://api.nobelprize.org/2/nobelPrize/phy/2008
Química,2008,Osamu Shimomura; Martin Chalfie; Roger Y. Tsien,"for the discovery and development of the green fluorescent protein, GFP",Fuente oficial,0,source_only,cambio,"for the discovery and development of the green fluorescent protein, GFP",3,2008-10-08,10000000,13817016,https://www.nobelprize.org/prizes/chemistry/2008/summary/,https://api.nobelprize.org/2/nobelPrize/che/2008
Medicina,2008,Harald zur Hausen; Françoise Barré-Sinoussi; Luc Montagnier,for his discovery of human papilloma viruses causing cervical cancer | for their discovery of human immunodeficiency virus,Fuente oficial,0,source_only,exploración,for his discovery of human papilloma viruses causing cervical cancer | for their discovery of human immunodeficiency virus,3,2008-10-06,10000000,13817016,https://www.nobelprize.org/prizes/medicine/2008/summary/,https://api.nobelprize.org/2/nobelPrize/med/2008
Ciencias Económicas,2008,Paul Krugman,for his analysis of trade patterns and location of economic activity,Fuente oficial,0,source_only,exploración,for his analysis of trade patterns and location of economic activity,1,2008-10-13,10000000,13817016,https://www.nobelprize.org/prizes/economic-sciences/2008/summary/,https://api.nobelprize.org/2/nobelPrize/eco/2008
Paz,2008,Martti Ahtisaari,"for his important efforts, on several continents and over more than three decades, to resolve international conflicts",Fuente oficial,0,source_only,exploración,"for his important efforts, on several continents and over more than three decades, to resolve international conflicts",1,2008-10-10,10000000,13817016,https://www.nobelprize.org/prizes/peace/2008/summary/,https://api.nobelprize.org/2/nobelPrize/pea/2008
Literatura,2008,Jean-Marie Gustave Le Clézio,"author of new departures, poetic adventure and sensual ecstasy, explorer of a humanity beyond and below the reigning civilization",Fuente oficial,0,source_only,exploración,"author of new departures, poetic adventure and sensual ecstasy, explorer of a humanity beyond and below the reigning civilization",1,2008-10-09,10000000,13817016,https://www.nobelprize.org/prizes/literature/2008/summary/,https://api.nobelprize.org/2/nobelPrize/lit/2008
Física,2007,Albert Fert; Peter Grünberg,for the discovery of Giant Magnetoresistance,Fuente oficial,0,source_only,exploración,for the discovery of Giant Magnetoresistance,2,2007-10-09,10000000,14291742,https://www.nobelprize.org/prizes/physics/2007/summary/,https://api.nobelprize.org/2/nobelPrize/phy/2007
Química,2007,Gerhard Ertl,for his studies of chemical processes on solid surfaces,Fuente oficial,0,source_only,exploración,for his studies of chemical processes on solid surfaces,1,2007-10-10,10000000,14291742,https://www.nobelprize.org/prizes/chemistry/2007/summary/,https://api.nobelprize.org/2/nobelPrize/che/2007
Medicina,2007,Mario R. Capecchi; Sir Martin J. Evans; Oliver Smithies,for their discoveries of principles for introducing specific gene modifications in mice by the use of embryonic stem cells,Fuente oficial,0,source_only,exploración,for their discoveries of principles for introducing specific gene modifications in mice by the use of embryonic stem cells,3,2007-10-08,10000000,14291742,https://www.nobelprize.org/prizes/medicine/2007/summary/,https://api.nobelprize.org/2/nobelPrize/med/2007
Ciencias Económicas,2007,Leonid Hurwicz; Eric S. Maskin; Roger B. Myerson,for having laid the foundations of mechanism design theory,Fuente oficial,0,source_only,exploración,for having laid the foundations of mechanism design theory,3,2007-10-15,10000000,14291742,https://www.nobelprize.org/prizes/economic-sciences/2007/summary/,https://api.nobelprize.org/2/nobelPrize/eco/2007
Paz,2007,Intergovernmental Panel on Climate Change; Al Gore,"for their efforts to build up and disseminate greater knowledge about man-made climate change, and to lay the foundations for the measures that are needed to counteract such change",Fuente oficial,0,source_only,complejidad; cambio,"for their efforts to build up and disseminate greater knowledge about man-made climate change, and to lay the foundations for the measures that are needed to counteract such change",2,2007-10-12,10000000,14291742,https://www.nobelprize.org/prizes/peace/2007/summary/,https://api.nobelprize.org/2/nobelPrize/pea/2007
Literatura,2007,Doris Lessing,"that epicist of the female experience, who with scepticism, fire and visionary power has subjected a divided civilisation to scrutiny",Fuente oficial,0,source_only,exploración,"that epicist of the female experience, who with scepticism, fire and visionary power has subjected a divided civilisation to scrutiny",1,2007-10-11,10000000,14291742,https://www.nobelprize.org/prizes/literature/2007/summary/,https://api.nobelprize.org/2/nobelPrize/lit/2007
Física,2006,John C. Mather; George F. Smoot,for their discovery of the blackbody form and anisotropy of the cosmic microwave background radiation,Fuente oficial,0,source_only,exploración,for their discovery of the blackbody form and anisotropy of the cosmic microwave background radiation,2,2006-10-03,10000000,14608749,https://www.nobelprize.org/prizes/physics/2006/summary/,https://api.nobelprize.org/2/nobelPrize/phy/2006
Química,2006,Roger D. Kornberg,for his studies of the molecular basis of eukaryotic transcription,Fuente oficial,0,source_only,exploración,for his studies of the molecular basis of eukaryotic transcription,1,2006-10-04,10000000,14608749,https://www.nobelprize.org/prizes/chemistry/2006/summary/,https://api.nobelprize.org/2/nobelPrize/che/2006
Medicina,2006,Andrew Z. Fire; Craig C. Mello,for their discovery of RNA interference - gene silencing by double-stranded RNA,Fuente oficial,0,source_only,exploración,for their discovery of RNA interference - gene silencing by double-stranded RNA,2,2006-10-02,10000000,14608749,https://www.nobelprize.org/prizes/medicine/2006/summary/,https://api.nobelprize.org/2/nobelPrize/med/2006
Ciencias Económicas,2006,Edmund S. Phelps,for his analysis of intertemporal tradeoffs in macroeconomic policy,Fuente oficial,0,source_only,exploración,for his analysis of intertemporal tradeoffs in macroeconomic policy,1,2006-10-09,10000000,14608749,https://www.nobelprize.org/prizes/economic-sciences/2006/summary/,https://api.nobelprize.org/2/nobelPrize/eco/2006
Paz,2006,Muhammad Yunus; Grameen Bank,for their efforts to create economic and social development from below,Fuente oficial,0,source_only,cambio,for their efforts to create economic and social development from below,2,2006-10-13,10000000,14608749,https://www.nobelprize.org/prizes/peace/2006/summary/,https://api.nobelprize.org/2/nobelPrize/pea/2006
Literatura,2006,Orhan Pamuk,who in the quest for the melancholic soul of his native city has discovered new symbols for the clash and interlacing of cultures,Fuente oficial,0,source_only,exploración,who in the quest for the melancholic soul of his native city has discovered new symbols for the clash and interlacing of cultures,1,2006-10-12,10000000,14608749,https://www.nobelprize.org/prizes/literature/2006/summary/,https://api.nobelprize.org/2/nobelPrize/lit/2006
Física,2005,Roy J. Glauber; John L. Hall; Theodor W. Hänsch,"for his contribution to the quantum theory of optical coherence | for their contributions to the development of laser-based precision spectroscopy, including the optical frequency comb technique",Fuente oficial,0,source_only,cambio,"for his contribution to the quantum theory of optical coherence | for their contributions to the development of laser-based precision spectroscopy, including the optical frequency comb technique",3,2005-10-04,10000000,14809494,https://www.nobelprize.org/prizes/physics/2005/summary/,https://api.nobelprize.org/2/nobelPrize/phy/2005
Química,2005,Yves Chauvin; Robert H. Grubbs; Richard R. Schrock,for the development of the metathesis method in organic synthesis,Fuente oficial,0,source_only,cambio,for the development of the metathesis method in organic synthesis,3,2005-10-05,10000000,14809494,https://www.nobelprize.org/prizes/chemistry/2005/summary/,https://api.nobelprize.org/2/nobelPrize/che/2005
Medicina,2005,Barry J. Marshall; J. Robin Warren,for their discovery of the bacterium <i>Helicobacter pylori</i> and its role in gastritis and peptic ulcer disease,Fuente oficial,0,source_only,exploración,for their discovery of the bacterium <i>Helicobacter pylori</i> and its role in gastritis and peptic ulcer disease,2,2005-10-03,10000000,14809494,https://www.nobelprize.org/prizes/medicine/2005/summary/,https://api.nobelprize.org/2/nobelPrize/med/2005
Ciencias Económicas,2005,Robert J. Aumann; Thomas C. Schelling,for having enhanced our understanding of conflict and cooperation through game-theory analysis,Fuente oficial,0,source_only,exploración,for having enhanced our understanding of conflict and cooperation through game-theory analysis,2,2005-10-10,10000000,14809494,https://www.nobelprize.org/prizes/economic-sciences/2005/summary/,https://api.nobelprize.org/2/nobelPrize/eco/2005
Paz,2005,International Atomic Energy Agency; Mohamed ElBaradei,for their efforts to prevent nuclear energy from being used for military purposes and to ensure that nuclear energy for peaceful purposes is used in the safest possible way,Fuente oficial,0,source_only,exploración,for their efforts to prevent nuclear energy from being used for military purposes and to ensure that nuclear energy for peaceful purposes is used in the safest possible way,2,2005-10-07,10000000,14809494,https://www.nobelprize.org/prizes/peace/2005/summary/,https://api.nobelprize.org/2/nobelPrize/pea/2005
Literatura,2005,Harold Pinter,who in his plays uncovers the precipice under everyday prattle and forces entry into oppression's closed rooms,Fuente oficial,0,source_only,exploración,who in his plays uncovers the precipice under everyday prattle and forces entry into oppression's closed rooms,1,2005-10-13,10000000,14809494,https://www.nobelprize.org/prizes/literature/2005/summary/,https://api.nobelprize.org/2/nobelPrize/lit/2005
Física,2004,David J. Gross; H. David Politzer; Frank Wilczek,for the discovery of asymptotic freedom in the theory of the strong interaction,Fuente oficial,0,source_only,complejidad,for the discovery of asymptotic freedom in the theory of the strong interaction,3,2004-10-05,10000000,14874529,https://www.nobelprize.org/prizes/physics/2004/summary/,https://api.nobelprize.org/2/nobelPrize/phy/2004
Química,2004,Aaron Ciechanover; Avram Hershko; Irwin Rose,for the discovery of ubiquitin-mediated protein degradation,Fuente oficial,0,source_only,exploración,for the discovery of ubiquitin-mediated protein degradation,3,2004-10-06,10000000,14874529,https://www.nobelprize.org/prizes/chemistry/2004/summary/,https://api.nobelprize.org/2/nobelPrize/che/2004
Medicina,2004,Richard Axel; Linda B. Buck,for their discoveries of odorant receptors and the organization of the olfactory system,Fuente oficial,0,source_only,complejidad,for their discoveries of odorant receptors and the organization of the olfactory system,2,2004-10-04,10000000,14874529,https://www.nobelprize.org/prizes/medicine/2004/summary/,https://api.nobelprize.org/2/nobelPrize/med/2004
Ciencias Económicas,2004,Finn E. Kydland; Edward C. Prescott,for their contributions to dynamic macroeconomics: the time consistency of economic policy and the driving forces behind business cycles,Fuente oficial,0,source_only,complejidad,for their contributions to dynamic macroeconomics: the time consistency of economic policy and the driving forces behind business cycles,2,2004-10-11,10000000,14874529,https://www.nobelprize.org/prizes/economic-sciences/2004/summary/,https://api.nobelprize.org/2/nobelPrize/eco/2004
Paz,2004,Wangari Maathai,"for her contribution to sustainable development, democracy and peace",Fuente oficial,0,source_only,cambio,"for her contribution to sustainable development, democracy and peace",1,2004-10-08,10000000,14874529,https://www.nobelprize.org/prizes/peace/2004/summary/,https://api.nobelprize.org/2/nobelPrize/pea/2004
Literatura,2004,Elfriede Jelinek,for her musical flow of voices and counter-voices in novels and plays that with extraordinary linguistic zeal reveal the absurdity of society's clich&eacute;s and their subjugating power,Fuente oficial,0,source_only,exploración,for her musical flow of voices and counter-voices in novels and plays that with extraordinary linguistic zeal reveal the absurdity of society's clich&eacute;s and their subjugating power,1,2004-10-07,10000000,14874529,https://www.nobelprize.org/prizes/literature/2004/summary/,https://api.nobelprize.org/2/nobelPrize/lit/2004
Física,2003,Alexei Abrikosov; Vitaly L. Ginzburg; Anthony J. Leggett,for pioneering contributions to the theory of superconductors and superfluids,Fuente oficial,0,source_only,exploración,for pioneering contributions to the theory of superconductors and superfluids,3,2003-10-07,10000000,14930730,https://www.nobelprize.org/prizes/physics/2003/summary/,https://api.nobelprize.org/2/nobelPrize/phy/2003
Química,2003,Peter Agre; Roderick MacKinnon,for the discovery of water channels | for structural and mechanistic studies of ion channels,Fuente oficial,0,source_only,exploración,for the discovery of water channels | for structural and mechanistic studies of ion channels,2,2003-10-08,10000000,14930730,https://www.nobelprize.org/prizes/chemistry/2003/summary/,https://api.nobelprize.org/2/nobelPrize/che/2003
Medicina,2003,Paul C. Lauterbur; Sir Peter Mansfield,for their discoveries concerning magnetic resonance imaging,Fuente oficial,0,source_only,exploración,for their discoveries concerning magnetic resonance imaging,2,2003-10-06,10000000,14930730,https://www.nobelprize.org/prizes/medicine/2003/summary/,https://api.nobelprize.org/2/nobelPrize/med/2003
Ciencias Económicas,2003,Robert F. Engle III; Clive W.J. Granger,for methods of analyzing economic time series with time-varying volatility (ARCH) | for methods of analyzing economic time series with common trends (cointegration),Fuente oficial,0,source_only,exploración,for methods of analyzing economic time series with time-varying volatility (ARCH) | for methods of analyzing economic time series with common trends (cointegration),2,2003-10-08,10000000,14930730,https://www.nobelprize.org/prizes/economic-sciences/2003/summary/,https://api.nobelprize.org/2/nobelPrize/eco/2003
Paz,2003,Shirin Ebadi,for her efforts for democracy and human rights. She has focused especially on the struggle for the rights of women and children,Fuente oficial,0,source_only,exploración,for her efforts for democracy and human rights. She has focused especially on the struggle for the rights of women and children,1,2003-10-10,10000000,14930730,https://www.nobelprize.org/prizes/peace/2003/summary/,https://api.nobelprize.org/2/nobelPrize/pea/2003
Literatura,2003,J. M. Coetzee,who in innumerable guises portrays the surprising involvement of the outsider,Fuente oficial,0,source_only,exploración,who in innumerable guises portrays the surprising involvement of the outsider,1,2003-10-02,10000000,14930730,https://www.nobelprize.org/prizes/literature/2003/summary/,https://api.nobelprize.org/2/nobelPrize/lit/2003
Física,2002,Raymond Davis Jr.; Masatoshi Koshiba; Riccardo Giacconi,"for pioneering contributions to astrophysics, in particular for the detection of cosmic neutrinos | for pioneering contributions to astrophysics, which have led to the discovery of cosmic X-ray sources",Fuente oficial,0,source_only,exploración,"for pioneering contributions to astrophysics, in particular for the detection of cosmic neutrinos | for pioneering contributions to astrophysics, which have led to the discovery of cosmic X-ray sources",3,2002-10-08,10000000,15218228,https://www.nobelprize.org/prizes/physics/2002/summary/,https://api.nobelprize.org/2/nobelPrize/phy/2002
Química,2002,John B. Fenn; Koichi Tanaka; Kurt Wüthrich,for their development of soft desorption ionisation methods for mass spectrometric analyses of biological macromolecules | for his development of nuclear magnetic resonance spectroscopy for determining the three-dimensional structure of biological macromolecules in solution,Fuente oficial,0,source_only,predicción; cambio,for their development of soft desorption ionisation methods for mass spectrometric analyses of biological macromolecules | for his development of nuclear magnetic resonance spectroscopy for determining the three-dimensional structure of biological macromolecules in solution,3,2002-10-09,10000000,15218228,https://www.nobelprize.org/prizes/chemistry/2002/summary/,https://api.nobelprize.org/2/nobelPrize/che/2002
Medicina,2002,Sydney Brenner; H. Robert Horvitz; John E. Sulston,for their discoveries concerning genetic regulation of organ development and programmed cell death,Fuente oficial,0,source_only,memoria; cambio,for their discoveries concerning genetic regulation of organ development and programmed cell death,3,2002-10-07,10000000,15218228,https://www.nobelprize.org/prizes/medicine/2002/summary/,https://api.nobelprize.org/2/nobelPrize/med/2002
Ciencias Económicas,2002,Daniel Kahneman; Vernon L. Smith,"for having integrated insights from psychological research into economic science, especially concerning human judgment and decision-making under uncertainty | for having established laboratory experiments as a tool in empirical economic analysis, especially in the study of alternative market mechanisms",Fuente oficial,0,source_only,causalidad,"for having integrated insights from psychological research into economic science, especially concerning human judgment and decision-making under uncertainty | for having established laboratory experiments as a tool in empirical economic analysis, especially in the study of alternative market mechanisms",2,2002-10-09,10000000,15218228,https://www.nobelprize.org/prizes/economic-sciences/2002/summary/,https://api.nobelprize.org/2/nobelPrize/eco/2002
Paz,2002,Jimmy Carter,"for his decades of untiring effort to find peaceful solutions to international conflicts, to advance democracy and human rights, and to promote economic and social development",Fuente oficial,0,source_only,cambio,"for his decades of untiring effort to find peaceful solutions to international conflicts, to advance democracy and human rights, and to promote economic and social development",1,2002-10-11,10000000,15218228,https://www.nobelprize.org/prizes/peace/2002/summary/,https://api.nobelprize.org/2/nobelPrize/pea/2002
Literatura,2002,Imre Kertész,for writing that upholds the fragile experience of the individual against the barbaric arbitrariness of history,Fuente oficial,0,source_only,memoria,for writing that upholds the fragile experience of the individual against the barbaric arbitrariness of history,1,2002-10-10,10000000,15218228,https://www.nobelprize.org/prizes/literature/2002/summary/,https://api.nobelprize.org/2/nobelPrize/lit/2002
Física,2001,Eric Cornell; Wolfgang Ketterle; Carl Wieman,"for the achievement of Bose-Einstein condensation in dilute gases of alkali atoms, and for early fundamental studies of the properties of the condensates",Fuente oficial,0,source_only,exploración,"for the achievement of Bose-Einstein condensation in dilute gases of alkali atoms, and for early fundamental studies of the properties of the condensates",3,2001-10-09,10000000,15547541,https://www.nobelprize.org/prizes/physics/2001/summary/,https://api.nobelprize.org/2/nobelPrize/phy/2001
Química,2001,William Knowles; Ryoji Noyori; K. Barry Sharpless,for their work on chirally catalysed hydrogenation reactions | for his work on chirally catalysed oxidation reactions,Fuente oficial,0,source_only,exploración,for their work on chirally catalysed hydrogenation reactions | for his work on chirally catalysed oxidation reactions,3,2001-10-10,10000000,15547541,https://www.nobelprize.org/prizes/chemistry/2001/summary/,https://api.nobelprize.org/2/nobelPrize/che/2001
Medicina,2001,Leland Hartwell; Tim Hunt; Sir Paul Nurse,for their discoveries of key regulators of the cell cycle,Fuente oficial,0,source_only,exploración,for their discoveries of key regulators of the cell cycle,3,2001-10-08,10000000,15547541,https://www.nobelprize.org/prizes/medicine/2001/summary/,https://api.nobelprize.org/2/nobelPrize/med/2001
Ciencias Económicas,2001,George A. Akerlof; A. Michael Spence; Joseph E. Stiglitz,for their analyses of markets with asymmetric information,Fuente oficial,0,source_only,predicción,for their analyses of markets with asymmetric information,3,2001-10-10,10000000,15547541,https://www.nobelprize.org/prizes/economic-sciences/2001/summary/,https://api.nobelprize.org/2/nobelPrize/eco/2001
Paz,2001,United Nations; Kofi Annan,for their work for a better organized and more peaceful world,Fuente oficial,0,source_only,exploración,for their work for a better organized and more peaceful world,2,2001-10-12,10000000,15547541,https://www.nobelprize.org/prizes/peace/2001/summary/,https://api.nobelprize.org/2/nobelPrize/pea/2001
Literatura,2001,V. S. Naipaul,for having united perceptive narrative and incorruptible scrutiny in works that compel us to see the presence of suppressed histories,Fuente oficial,0,source_only,memoria,for having united perceptive narrative and incorruptible scrutiny in works that compel us to see the presence of suppressed histories,1,2001-10-11,10000000,15547541,https://www.nobelprize.org/prizes/literature/2001/summary/,https://api.nobelprize.org/2/nobelPrize/lit/2001
Física,2000,Zhores Alferov; Herbert Kroemer; Jack Kilby,for developing semiconductor heterostructures used in high-speed- and opto-electronics | for his part in the invention of the integrated circuit,Fuente oficial,0,source_only,predicción; cambio,for developing semiconductor heterostructures used in high-speed- and opto-electronics | for his part in the invention of the integrated circuit,3,2000-10-10,9000000,14331095,https://www.nobelprize.org/prizes/physics/2000/summary/,https://api.nobelprize.org/2/nobelPrize/phy/2000
Química,2000,Alan Heeger; Alan MacDiarmid; Hideki Shirakawa,for the discovery and development of conductive polymers,Fuente oficial,0,source_only,cambio,for the discovery and development of conductive polymers,3,2000-10-10,9000000,14331095,https://www.nobelprize.org/prizes/chemistry/2000/summary/,https://api.nobelprize.org/2/nobelPrize/che/2000
Medicina,2000,Arvid Carlsson; Paul Greengard; Eric Kandel,for their discoveries concerning signal transduction in the nervous system,Fuente oficial,0,source_only,complejidad,for their discoveries concerning signal transduction in the nervous system,3,2000-10-09,9000000,14331095,https://www.nobelprize.org/prizes/medicine/2000/summary/,https://api.nobelprize.org/2/nobelPrize/med/2000
Ciencias Económicas,2000,James J. Heckman; Daniel L. McFadden,for his development of theory and methods for analyzing selective samples | for his development of theory and methods for analyzing discrete choice,Fuente oficial,0,source_only,cambio,for his development of theory and methods for analyzing selective samples | for his development of theory and methods for analyzing discrete choice,2,2000-10-11,9000000,14331095,https://www.nobelprize.org/prizes/economic-sciences/2000/summary/,https://api.nobelprize.org/2/nobelPrize/eco/2000
Paz,2000,Kim Dae-jung,"for his work for democracy and human rights in South Korea and in East Asia in general, and for peace and reconciliation with North Korea in particular",Fuente oficial,0,source_only,exploración,"for his work for democracy and human rights in South Korea and in East Asia in general, and for peace and reconciliation with North Korea in particular",1,2000-10-13,9000000,14331095,https://www.nobelprize.org/prizes/peace/2000/summary/,https://api.nobelprize.org/2/nobelPrize/pea/2000
Literatura,2000,Gao Xingjian,"for an œuvre of universal validity, bitter insights and linguistic ingenuity, which has opened new paths for the Chinese novel and drama",Fuente oficial,0,source_only,exploración,"for an œuvre of universal validity, bitter insights and linguistic ingenuity, which has opened new paths for the Chinese novel and drama",1,2000-10-12,9000000,14331095,https://www.nobelprize.org/prizes/literature/2000/summary/,https://api.nobelprize.org/2/nobelPrize/lit/2000
Física,1999,Gerardus 't Hooft; Martinus J.G. Veltman,for elucidating the quantum structure of electroweak interactions in physics,Fuente oficial,0,source_only,complejidad; predicción,for elucidating the quantum structure of electroweak interactions in physics,2,1999-10-12,7900000,12707531,https://www.nobelprize.org/prizes/physics/1999/summary/,https://api.nobelprize.org/2/nobelPrize/phy/1999
Química,1999,Ahmed Zewail,for his studies of the transition states of chemical reactions using femtosecond spectroscopy,Fuente oficial,0,source_only,exploración,for his studies of the transition states of chemical reactions using femtosecond spectroscopy,1,1999-10-12,7900000,12707531,https://www.nobelprize.org/prizes/chemistry/1999/summary/,https://api.nobelprize.org/2/nobelPrize/che/1999
Medicina,1999,Günter Blobel,for the discovery that proteins have intrinsic signals that govern their transport and localization in the cell,Fuente oficial,0,source_only,exploración,for the discovery that proteins have intrinsic signals that govern their transport and localization in the cell,1,1999-10-11,7900000,12707531,https://www.nobelprize.org/prizes/medicine/1999/summary/,https://api.nobelprize.org/2/nobelPrize/med/1999
Ciencias Económicas,1999,Robert Mundell,for his analysis of monetary and fiscal policy under different exchange rate regimes and his analysis of optimum currency areas,Fuente oficial,0,source_only,cambio,for his analysis of monetary and fiscal policy under different exchange rate regimes and his analysis of optimum currency areas,1,1999-10-13,7900000,12707531,https://www.nobelprize.org/prizes/economic-sciences/1999/summary/,https://api.nobelprize.org/2/nobelPrize/eco/1999
Paz,1999,Doctors Without Borders,in recognition of the organisation's pioneering humanitarian work on several continents,Fuente oficial,0,source_only,exploración,in recognition of the organisation's pioneering humanitarian work on several continents,1,1999-10-15,7900000,12707531,https://www.nobelprize.org/prizes/peace/1999/summary/,https://api.nobelprize.org/2/nobelPrize/pea/1999
Literatura,1999,Günter Grass,whose frolicsome black fables portray the forgotten face of history,Fuente oficial,0,source_only,memoria,whose frolicsome black fables portray the forgotten face of history,1,1999-09-30,7900000,12707531,https://www.nobelprize.org/prizes/literature/1999/summary/,https://api.nobelprize.org/2/nobelPrize/lit/1999
Física,1998,Robert B. Laughlin; Horst L. Störmer; Daniel C. Tsui,for their discovery of a new form of quantum fluid with fractionally charged excitations,Fuente oficial,0,source_only,exploración,for their discovery of a new form of quantum fluid with fractionally charged excitations,3,1998-10-13,7600000,12283299,https://www.nobelprize.org/prizes/physics/1998/summary/,https://api.nobelprize.org/2/nobelPrize/phy/1998
Química,1998,Walter Kohn; John Pople,for his development of the density-functional theory | for his development of computational methods in quantum chemistry,Fuente oficial,0,source_only,cambio,for his development of the density-functional theory | for his development of computational methods in quantum chemistry,2,1998-10-13,7600000,12283299,https://www.nobelprize.org/prizes/chemistry/1998/summary/,https://api.nobelprize.org/2/nobelPrize/che/1998
Medicina,1998,Robert F. Furchgott; Louis J. Ignarro; Ferid Murad,for their discoveries concerning nitric oxide as a signalling molecule in the cardiovascular system,Fuente oficial,0,source_only,complejidad,for their discoveries concerning nitric oxide as a signalling molecule in the cardiovascular system,3,1998-10-12,7600000,12283299,https://www.nobelprize.org/prizes/medicine/1998/summary/,https://api.nobelprize.org/2/nobelPrize/med/1998
Ciencias Económicas,1998,Amartya Sen,for his contributions to welfare economics,Fuente oficial,0,source_only,exploración,for his contributions to welfare economics,1,1998-10-14,7600000,12283299,https://www.nobelprize.org/prizes/economic-sciences/1998/summary/,https://api.nobelprize.org/2/nobelPrize/eco/1998
Paz,1998,John Hume; David Trimble,for their efforts to find a peaceful solution to the conflict in Northern Ireland,Fuente oficial,0,source_only,exploración,for their efforts to find a peaceful solution to the conflict in Northern Ireland,2,1998-10-16,7600000,12283299,https://www.nobelprize.org/prizes/peace/1998/summary/,https://api.nobelprize.org/2/nobelPrize/pea/1998
Literatura,1998,José Saramago,"who with parables sustained by imagination, compassion and irony continually enables us once again to apprehend an elusory reality",Fuente oficial,0,source_only,exploración,"who with parables sustained by imagination, compassion and irony continually enables us once again to apprehend an elusory reality",1,1998-10-08,7600000,12283299,https://www.nobelprize.org/prizes/literature/1998/summary/,https://api.nobelprize.org/2/nobelPrize/lit/1998
Física,1997,Steven Chu; Claude Cohen-Tannoudji; William D. Phillips,for development of methods to cool and trap atoms with laser light,Fuente oficial,0,source_only,cambio,for development of methods to cool and trap atoms with laser light,3,1997-10-15,7500000,12105174,https://www.nobelprize.org/prizes/physics/1997/summary/,https://api.nobelprize.org/2/nobelPrize/phy/1997
Química,1997,Paul D. Boyer; John E. Walker; Jens C. Skou,"for their elucidation of the enzymatic mechanism underlying the synthesis of adenosine triphosphate (ATP) | for the first discovery of an ion-transporting enzyme, Na+, K+ -ATPase",Fuente oficial,0,source_only,exploración,"for their elucidation of the enzymatic mechanism underlying the synthesis of adenosine triphosphate (ATP) | for the first discovery of an ion-transporting enzyme, Na+, K+ -ATPase",3,1997-10-15,7500000,12105174,https://www.nobelprize.org/prizes/chemistry/1997/summary/,https://api.nobelprize.org/2/nobelPrize/che/1997
Medicina,1997,Stanley B. Prusiner,for his discovery of Prions - a new biological principle of infection,Fuente oficial,0,source_only,exploración,for his discovery of Prions - a new biological principle of infection,1,1997-10-06,7500000,12105174,https://www.nobelprize.org/prizes/medicine/1997/summary/,https://api.nobelprize.org/2/nobelPrize/med/1997
Ciencias Económicas,1997,Robert C. Merton; Myron Scholes,for a new method to determine the value of derivatives,Fuente oficial,0,source_only,exploración,for a new method to determine the value of derivatives,2,1997-10-14,7500000,12105174,https://www.nobelprize.org/prizes/economic-sciences/1997/summary/,https://api.nobelprize.org/2/nobelPrize/eco/1997
Paz,1997,International Campaign to Ban Landmines; Jody Williams,for their work for the banning and clearing of anti-personnel mines,Fuente oficial,0,source_only,exploración,for their work for the banning and clearing of anti-personnel mines,2,1997-10-10,7500000,12105174,https://www.nobelprize.org/prizes/peace/1997/summary/,https://api.nobelprize.org/2/nobelPrize/pea/1997
Literatura,1997,Dario Fo,who emulates the jesters of the Middle Ages in scourging authority and upholding the dignity of the downtrodden,Fuente oficial,0,source_only,exploración,who emulates the jesters of the Middle Ages in scourging authority and upholding the dignity of the downtrodden,1,1997-10-09,7500000,12105174,https://www.nobelprize.org/prizes/literature/1997/summary/,https://api.nobelprize.org/2/nobelPrize/lit/1997
Física,1996,David M. Lee; Douglas D. Osheroff; Robert C. Richardson,for their discovery of superfluidity in helium-3,Fuente oficial,0,source_only,exploración,for their discovery of superfluidity in helium-3,3,1996-10-09,7400000,12000958,https://www.nobelprize.org/prizes/physics/1996/summary/,https://api.nobelprize.org/2/nobelPrize/phy/1996
Química,1996,Robert F. Curl Jr.; Sir Harold Kroto; Richard E. Smalley,for their discovery of fullerenes,Fuente oficial,0,source_only,exploración,for their discovery of fullerenes,3,1996-10-09,7400000,12000958,https://www.nobelprize.org/prizes/chemistry/1996/summary/,https://api.nobelprize.org/2/nobelPrize/che/1996
Medicina,1996,Peter C. Doherty; Rolf M. Zinkernagel,for their discoveries concerning the specificity of the cell mediated immune defence,Fuente oficial,0,source_only,exploración,for their discoveries concerning the specificity of the cell mediated immune defence,2,1996-10-07,7400000,12000958,https://www.nobelprize.org/prizes/medicine/1996/summary/,https://api.nobelprize.org/2/nobelPrize/med/1996
Ciencias Económicas,1996,James A. Mirrlees; William Vickrey,for their fundamental contributions to the economic theory of incentives under asymmetric information,Fuente oficial,0,source_only,predicción,for their fundamental contributions to the economic theory of incentives under asymmetric information,2,1996-10-08,7400000,12000958,https://www.nobelprize.org/prizes/economic-sciences/1996/summary/,https://api.nobelprize.org/2/nobelPrize/eco/1996
Paz,1996,Carlos Filipe Ximenes Belo; José Ramos-Horta,for their work towards a just and peaceful solution to the conflict in East Timor,Fuente oficial,0,source_only,exploración,for their work towards a just and peaceful solution to the conflict in East Timor,2,1996-10-11,7400000,12000958,https://www.nobelprize.org/prizes/peace/1996/summary/,https://api.nobelprize.org/2/nobelPrize/pea/1996
Literatura,1996,Wisława Szymborska,for poetry that with ironic precision allows the historical and biological context to come to light in fragments of human reality,Fuente oficial,0,source_only,memoria,for poetry that with ironic precision allows the historical and biological context to come to light in fragments of human reality,1,1996-10-03,7400000,12000958,https://www.nobelprize.org/prizes/literature/1996/summary/,https://api.nobelprize.org/2/nobelPrize/lit/1996
Física,1995,Martin L. Perl; Frederick Reines,for the discovery of the tau lepton | for the detection of the neutrino,Fuente oficial,0,source_only,exploración,for the discovery of the tau lepton | for the detection of the neutrino,2,1995-10-11,7200000,11732784,https://www.nobelprize.org/prizes/physics/1995/summary/,https://api.nobelprize.org/2/nobelPrize/phy/1995
Química,1995,Paul J. Crutzen; Mario J. Molina; F. Sherwood Rowland,"for their work in atmospheric chemistry, particularly concerning the formation and decomposition of ozone",Fuente oficial,0,source_only,exploración,"for their work in atmospheric chemistry, particularly concerning the formation and decomposition of ozone",3,1995-10-11,7200000,11732784,https://www.nobelprize.org/prizes/chemistry/1995/summary/,https://api.nobelprize.org/2/nobelPrize/che/1995
Medicina,1995,Edward B. Lewis; Christiane Nüsslein-Volhard; Eric F. Wieschaus,for their discoveries concerning the genetic control of early embryonic development,Fuente oficial,0,source_only,memoria; cambio,for their discoveries concerning the genetic control of early embryonic development,3,1995-10-09,7200000,11732784,https://www.nobelprize.org/prizes/medicine/1995/summary/,https://api.nobelprize.org/2/nobelPrize/med/1995
Ciencias Económicas,1995,Robert E. Lucas Jr.,"for having developed and applied the hypothesis of rational expectations, and thereby having transformed macroeconomic analysis and deepened our understanding of economic policy",Fuente oficial,0,source_only,cambio,"for having developed and applied the hypothesis of rational expectations, and thereby having transformed macroeconomic analysis and deepened our understanding of economic policy",1,1995-10-10,7200000,11732784,https://www.nobelprize.org/prizes/economic-sciences/1995/summary/,https://api.nobelprize.org/2/nobelPrize/eco/1995
Paz,1995,Joseph Rotblat; Pugwash Conferences on Science and World Affairs,"for their efforts to diminish the part played by nuclear arms in international politics and, in the longer run, to eliminate such arms",Fuente oficial,0,source_only,exploración,"for their efforts to diminish the part played by nuclear arms in international politics and, in the longer run, to eliminate such arms",2,1995-10-13,7200000,11732784,https://www.nobelprize.org/prizes/peace/1995/summary/,https://api.nobelprize.org/2/nobelPrize/pea/1995
Literatura,1995,Seamus Heaney,"for works of lyrical beauty and ethical depth, which exalt everyday miracles and the living past",Fuente oficial,0,source_only,exploración,"for works of lyrical beauty and ethical depth, which exalt everyday miracles and the living past",1,1995-10-05,7200000,11732784,https://www.nobelprize.org/prizes/literature/1995/summary/,https://api.nobelprize.org/2/nobelPrize/lit/1995
